match_date;match_time;competition;home_team;away_team;home_goals;away_goals;result_extra
1908-04-05;00:00;Länderspiel;Schweiz;Deutschland;5;3;NA
1908-04-20;00:00;Länderspiel;Deutschland;England;1;5;NA
1908-06-07;18:00;Länderspiel;Österreich;Deutschland;3;2;NA
1909-03-13;00:00;Länderspiel;England;Deutschland;9;0;NA
1909-04-04;00:00;Länderspiel;Deutschland;Schweiz;1;0;NA
1909-04-04;00:00;Länderspiel;Ungarn;Deutschland;3;3;NA
1910-04-03;00:00;Länderspiel;Schweiz;Deutschland;2;3;NA
1910-04-24;00:00;Länderspiel;Niederlande;Deutschland;4;2;NA
1910-05-16;00:00;Länderspiel;Deutschland;Belgien;0;3;NA
1910-10-16;00:00;Länderspiel;Deutschland;Niederlande;1;2;NA
1911-03-26;00:00;Länderspiel;Deutschland;Schweiz;6;2;NA
1911-04-14;00:00;Länderspiel;Deutschland;England;2;2;NA
1911-04-23;00:00;Länderspiel;Belgien;Deutschland;2;1;NA
1911-06-18;00:00;Länderspiel;Schweden;Deutschland;2;4;NA
1911-09-10;00:00;Länderspiel;Deutschland;Österreich;1;2;NA
1911-10-29;00:00;Länderspiel;Deutschland;Schweden;1;3;NA
1911-12-17;00:00;Länderspiel;Deutschland;Ungarn;1;4;NA
1912-03-24;00:00;Länderspiel;Niederlande;Deutschland;5;5;NA
1912-04-14;00:00;Länderspiel;Ungarn;Deutschland;4;4;NA
1912-05-05;00:00;Länderspiel;Schweiz;Deutschland;1;2;NA
1912-06-29;15:00;Olympische Spiele;Österreich;Deutschland;5;1;NA
1912-07-01;17:00;Olympische Spiele;Deutschland;Russland;16;0;NA
1912-07-03;15:00;Olympische Spiele;Ungarn;Deutschland;3;1;NA
1912-10-06;00:00;Länderspiel;Dänemark;Deutschland;3;1;NA
1912-11-17;00:00;Länderspiel;Deutschland;Niederlande;2;3;NA
1913-03-21;00:00;Länderspiel;Deutschland;England;0;3;NA
1913-05-18;00:00;Länderspiel;Deutschland;Schweiz;1;2;NA
1913-10-26;00:00;Länderspiel;Deutschland;Dänemark;1;4;NA
1913-11-23;00:00;Länderspiel;Belgien;Deutschland;6;2;NA
1914-04-05;00:00;Länderspiel;Niederlande;Deutschland;4;4;NA
1920-06-27;00:00;Länderspiel;Schweiz;Deutschland;4;1;NA
1920-09-26;15:30;Länderspiel;Österreich;Deutschland;3;2;NA
1920-10-24;00:00;Länderspiel;Deutschland;Ungarn;1;0;NA
1921-05-05;00:00;Länderspiel;Deutschland;Österreich;3;3;NA
1921-06-05;00:00;Länderspiel;Ungarn;Deutschland;3;0;NA
1921-09-18;00:00;Länderspiel;Finnland;Deutschland;3;3;NA
1922-03-26;00:00;Länderspiel;Deutschland;Schweiz;2;2;NA
1922-04-23;16:30;Länderspiel;Österreich;Deutschland;0;2;NA
1922-07-02;00:00;Länderspiel;Deutschland;Ungarn;0;0;NA
1923-01-01;00:00;Länderspiel;Italien;Deutschland;3;1;NA
1923-05-10;00:00;Länderspiel;Deutschland;Niederlande;0;0;NA
1923-06-03;00:00;Länderspiel;Schweiz;Deutschland;1;2;NA
1923-06-29;00:00;Länderspiel;Schweden;Deutschland;2;1;NA
1923-08-12;00:00;Länderspiel;Deutschland;Finnland;1;2;NA
1923-11-04;00:00;Länderspiel;Deutschland;Norwegen;1;0;NA
1924-01-13;15:00;Länderspiel;Deutschland;Österreich;4;3;NA
1924-04-21;00:00;Länderspiel;Niederlande;Deutschland;0;1;NA
1924-06-15;00:00;Länderspiel;Norwegen;Deutschland;0;2;NA
1924-08-31;00:00;Länderspiel;Deutschland;Schweden;1;4;NA
1924-09-21;00:00;Länderspiel;Ungarn;Deutschland;4;1;NA
1924-11-23;00:00;Länderspiel;Deutschland;Italien;0;1;NA
1924-12-14;00:00;Länderspiel;Deutschland;Schweiz;1;1;NA
1925-03-29;00:00;Länderspiel;Niederlande;Deutschland;2;1;NA
1925-06-21;00:00;Länderspiel;Schweden;Deutschland;1;0;NA
1925-06-26;00:00;Länderspiel;Finnland;Deutschland;3;5;NA
1925-10-25;00:00;Länderspiel;Schweiz;Deutschland;0;4;NA
1926-04-18;00:00;Länderspiel;Deutschland;Niederlande;4;2;NA
1926-06-20;00:00;Länderspiel;Deutschland;Schweden;3;3;NA
1926-10-31;00:00;Länderspiel;Niederlande;Deutschland;2;3;NA
1926-12-12;00:00;Länderspiel;Deutschland;Schweiz;2;3;NA
1927-10-02;00:00;Länderspiel;Dänemark;Deutschland;3;1;NA
1927-10-23;15:15;Länderspiel;Deutschland;Norwegen;6;2;NA
1927-11-20;00:00;Länderspiel;Deutschland;Niederlande;2;2;NA
1928-04-15;00:00;Länderspiel;Schweiz;Deutschland;2;3;NA
1928-05-28;14:00;Olympische Spiele;Schweiz;Deutschland;0;4;NA
1928-06-03;16:00;Olympische Spiele;Uruguay;Deutschland;4;1;NA
1928-09-16;00:00;Länderspiel;Deutschland;Dänemark;2;1;NA
1928-09-23;00:00;Länderspiel;Norwegen;Deutschland;0;2;NA
1928-09-30;00:00;Länderspiel;Schweden;Deutschland;2;0;NA
1929-02-10;00:00;Länderspiel;Deutschland;Schweiz;7;1;NA
1929-04-28;00:00;Länderspiel;Italien;Deutschland;1;2;NA
1929-06-01;00:00;Länderspiel;Deutschland;Schottland;1;1;NA
1929-06-23;00:00;Länderspiel;Deutschland;Schweden;3;0;NA
1929-10-20;00:00;Länderspiel;Deutschland;Finnland;4;0;NA
1930-03-02;00:00;Länderspiel;Deutschland;Italien;0;2;NA
1930-05-04;00:00;Länderspiel;Schweiz;Deutschland;0;5;NA
1930-05-10;00:00;Länderspiel;Deutschland;England;3;3;NA
1930-09-07;00:00;Länderspiel;Dänemark;Deutschland;6;3;NA
1930-09-28;00:00;Länderspiel;Deutschland;Ungarn;5;3;NA
1930-11-02;00:00;Länderspiel;Deutschland;Norwegen;1;1;NA
1931-03-15;00:00;Länderspiel;Frankreich;Deutschland;1;0;NA
1931-04-26;00:00;Länderspiel;Niederlande;Deutschland;1;1;NA
1931-05-24;00:00;Länderspiel;Deutschland;Österreich;0;6;NA
1931-06-17;00:00;Länderspiel;Schweden;Deutschland;0;0;NA
1931-06-21;00:00;Länderspiel;Norwegen;Deutschland;2;2;NA
1931-09-13;00:00;Länderspiel;Österreich;Deutschland;5;0;NA
1931-09-27;00:00;Länderspiel;Deutschland;Dänemark;4;2;NA
1932-03-06;00:00;Länderspiel;Deutschland;Schweiz;2;0;NA
1932-07-01;00:00;Länderspiel;Finnland;Deutschland;1;4;NA
1932-09-25;00:00;Länderspiel;Deutschland;Schweden;4;3;NA
1932-10-30;00:00;Länderspiel;Ungarn;Deutschland;2;1;NA
1932-12-04;00:00;Länderspiel;Deutschland;Niederlande;0;2;NA
1933-01-01;00:00;Länderspiel;Italien;Deutschland;3;1;NA
1933-03-19;00:00;Länderspiel;Deutschland;Frankreich;3;3;NA
1933-10-22;00:00;Länderspiel;Deutschland;Belgien;8;1;NA
1933-11-05;00:00;Länderspiel;Deutschland;Norwegen;2;2;NA
1933-11-19;00:00;Länderspiel;Schweiz;Deutschland;0;2;NA
1933-12-03;00:00;Länderspiel;Deutschland;Polen;1;0;NA
1934-01-14;00:00;Länderspiel;Deutschland;Ungarn;3;1;NA
1934-03-11;NA;WM-Qualifikation (Europa);Luxemburg;Deutschland;1;9;NA
1934-05-27;16:30;Weltmeisterschaft;Deutschland;Belgien;5;2;NA
1934-05-31;16:30;Weltmeisterschaft;Deutschland;Schweden;2;1;NA
1934-06-03;16:30;Weltmeisterschaft;Tschechoslowakei;Deutschland;3;1;NA
1934-06-07;18:00;Weltmeisterschaft;Deutschland;Österreich;3;2;NA
1934-09-09;00:00;Länderspiel;Polen;Deutschland;2;5;NA
1934-10-07;00:00;Länderspiel;Dänemark;Deutschland;2;5;NA
1935-01-27;00:00;Länderspiel;Deutschland;Schweiz;4;0;NA
1935-02-17;00:00;Länderspiel;Niederlande;Deutschland;2;3;NA
1935-03-17;00:00;Länderspiel;Frankreich;Deutschland;1;3;NA
1935-04-28;00:00;Länderspiel;Belgien;Deutschland;1;6;NA
1935-05-08;00:00;Länderspiel;Deutschland;Republik Irland;3;1;NA
1935-05-12;00:00;Länderspiel;Deutschland;Spanien;1;2;NA
1935-05-26;00:00;Länderspiel;Deutschland;Tschechoslowakei;2;1;NA
1935-06-27;00:00;Länderspiel;Norwegen;Deutschland;1;1;NA
1935-06-30;00:00;Länderspiel;Schweden;Deutschland;3;1;NA
1935-08-18;00:00;Länderspiel;Luxemburg;Deutschland;0;1;NA
1935-08-18;00:00;Länderspiel;Deutschland;Finnland;6;0;NA
1935-08-25;00:00;Länderspiel;Deutschland;Rumänien;4;2;NA
1935-09-15;00:00;Länderspiel;Polen;Deutschland;0;1;NA
1935-09-15;00:00;Länderspiel;Deutschland;Estland;5;0;NA
1935-10-13;00:00;Länderspiel;Deutschland;Lettland;3;0;NA
1935-10-20;00:00;Länderspiel;Deutschland;Bulgarien;4;2;NA
1935-12-04;00:00;Länderspiel;England;Deutschland;3;0;NA
1936-02-23;00:00;Länderspiel;Spanien;Deutschland;1;2;NA
1936-02-27;00:00;Länderspiel;Portugal;Deutschland;1;3;NA
1936-03-15;00:00;Länderspiel;Ungarn;Deutschland;3;2;NA
1936-08-04;17:30;Olympische Spiele;Deutschland;Luxemburg;9;0;NA
1936-08-07;17:30;Olympische Spiele;Deutschland;Norwegen;0;2;NA
1936-09-13;00:00;Länderspiel;Polen;Deutschland;1;1;NA
1936-09-27;00:00;Länderspiel;Tschechoslowakei;Deutschland;1;2;NA
1936-09-27;00:00;Länderspiel;Deutschland;Luxemburg;7;2;NA
1936-10-14;00:00;Länderspiel;Schottland;Deutschland;2;0;NA
1936-10-17;00:00;Länderspiel;Republik Irland;Deutschland;5;2;NA
1936-11-15;00:00;Länderspiel;Deutschland;Italien;2;2;NA
1937-01-31;00:00;Länderspiel;Deutschland;Niederlande;2;2;NA
1937-03-21;00:00;Länderspiel;Luxemburg;Deutschland;2;3;NA
1937-03-21;00:00;Länderspiel;Deutschland;Frankreich;4;0;NA
1937-04-25;00:00;Länderspiel;Deutschland;Belgien;1;0;NA
1937-05-02;00:00;Länderspiel;Schweiz;Deutschland;0;1;NA
1937-05-16;00:00;Länderspiel;Deutschland;Dänemark;8;0;NA
1937-06-25;00:00;Länderspiel;Lettland;Deutschland;1;3;NA
1937-06-29;NA;WM-Qualifikation (Europa);Finnland;Deutschland;0;2;NA
1937-08-29;NA;WM-Qualifikation (Europa);Deutschland;Estland;4;1;NA
1937-10-24;00:00;Länderspiel;Deutschland;Norwegen;3;0;NA
1937-11-21;NA;WM-Qualifikation (Europa);Deutschland;Schweden;5;0;NA
1938-02-06;00:00;Länderspiel;Deutschland;Schweiz;1;1;NA
1938-03-20;00:00;Länderspiel;Deutschland;Luxemburg;2;1;NA
1938-03-20;00:00;Länderspiel;Deutschland;Ungarn;1;1;NA
1938-04-24;00:00;Länderspiel;Deutschland;Portugal;1;1;NA
1938-05-14;00:00;Länderspiel;Deutschland;England;3;6;NA
1938-06-04;17:00;Weltmeisterschaft;Schweiz;Deutschland;1;1;n.V.
1938-06-09;18:00;Weltmeisterschaft;Schweiz;Deutschland;4;2;Wied
1938-09-18;00:00;Länderspiel;Deutschland;Polen;4;1;NA
1938-09-25;00:00;Länderspiel;Rumänien;Deutschland;1;4;NA
1939-01-29;00:00;Länderspiel;Belgien;Deutschland;1;4;NA
1939-02-26;00:00;Länderspiel;Deutschland;Jugoslawien;3;2;NA
1939-03-26;00:00;Länderspiel;Italien;Deutschland;3;2;NA
1939-03-26;00:00;Länderspiel;Luxemburg;Deutschland;2;1;NA
1939-05-23;00:00;Länderspiel;Deutschland;Republik Irland;1;1;NA
1939-06-22;00:00;Länderspiel;Norwegen;Deutschland;0;4;NA
1939-06-25;00:00;Länderspiel;Dänemark;Deutschland;0;2;NA
1939-06-29;00:00;Länderspiel;Estland;Deutschland;0;2;NA
1939-08-27;00:00;Länderspiel;Slowakei;Deutschland;2;0;NA
1939-09-24;00:00;Länderspiel;Ungarn;Deutschland;5;1;NA
1939-10-15;00:00;Länderspiel;Jugoslawien;Deutschland;1;5;NA
1939-10-22;00:00;Länderspiel;Bulgarien;Deutschland;1;2;NA
1939-11-12;00:00;Länderspiel;Deutschland;Böhmen-Mähren;4;4;NA
1939-11-26;00:00;Länderspiel;Deutschland;Italien;5;2;NA
1939-12-03;00:00;Länderspiel;Deutschland;Slowakei;3;1;NA
1940-04-07;00:00;Länderspiel;Deutschland;Ungarn;2;2;NA
1940-04-14;00:00;Länderspiel;Deutschland;Jugoslawien;1;2;NA
1940-05-05;00:00;Länderspiel;Italien;Deutschland;3;2;NA
1940-07-14;00:00;Länderspiel;Deutschland;Rumänien;9;3;NA
1940-09-01;00:00;Länderspiel;Deutschland;Finnland;13;0;NA
1940-09-15;00:00;Länderspiel;Slowakei;Deutschland;0;1;NA
1940-10-06;00:00;Länderspiel;Ungarn;Deutschland;2;2;NA
1940-10-20;00:00;Länderspiel;Deutschland;Bulgarien;7;3;NA
1940-11-03;00:00;Länderspiel;Jugoslawien;Deutschland;2;0;NA
1940-11-17;00:00;Länderspiel;Deutschland;Dänemark;1;0;NA
1941-03-09;00:00;Länderspiel;Deutschland;Schweiz;4;2;NA
1941-04-06;00:00;Länderspiel;Deutschland;Ungarn;7;0;NA
1941-04-20;00:00;Länderspiel;Schweiz;Deutschland;2;1;NA
1941-06-01;00:00;Länderspiel;Rumänien;Deutschland;1;4;NA
1941-06-15;00:00;Länderspiel;Deutschland;Kroatien;5;1;NA
1941-10-05;00:00;Länderspiel;Schweden;Deutschland;4;2;NA
1941-10-05;00:00;Länderspiel;Finnland;Deutschland;0;6;NA
1941-11-16;00:00;Länderspiel;Deutschland;Dänemark;1;1;NA
1941-12-07;00:00;Länderspiel;Deutschland;Slowakei;4;0;NA
1942-01-20;00:00;Länderspiel;Kroatien;Deutschland;0;2;NA
1942-02-01;00:00;Länderspiel;Deutschland;Schweiz;1;2;NA
1942-04-12;00:00;Länderspiel;Deutschland;Spanien;1;1;NA
1942-05-03;00:00;Länderspiel;Ungarn;Deutschland;3;5;NA
1942-07-19;00:00;Länderspiel;Bulgarien;Deutschland;0;3;NA
1942-08-16;16:00;Länderspiel;Deutschland;Rumänien;7;0;NA
1942-09-20;00:00;Länderspiel;Deutschland;Schweden;2;3;NA
1942-10-18;00:00;Länderspiel;Schweiz;Deutschland;3;5;NA
1942-11-01;00:00;Länderspiel;Deutschland;Kroatien;5;1;NA
1942-11-22;00:00;Länderspiel;Slowakei;Deutschland;2;5;NA
1950-11-22;00:00;Länderspiel;BRD;Schweiz;1;0;NA
1951-04-15;00:00;Länderspiel;Schweiz;BRD;2;3;NA
1951-06-17;00:00;Länderspiel;BRD;Türkei;1;2;NA
1951-09-23;16:00;Länderspiel;Österreich;BRD;0;2;NA
1951-10-17;00:00;Länderspiel;Republik Irland;BRD;3;2;NA
1951-11-21;00:00;Länderspiel;Türkei;BRD;0;2;NA
1951-12-23;00:00;Länderspiel;BRD;Luxemburg;4;1;NA
1952-04-20;00:00;Länderspiel;Luxemburg;BRD;0;3;NA
1952-05-04;00:00;Länderspiel;BRD;Republik Irland;3;0;NA
1952-10-05;00:00;Länderspiel;Frankreich;BRD;3;1;NA
1952-11-09;00:00;Länderspiel;BRD;Schweiz;5;1;NA
1952-12-21;00:00;Länderspiel;BRD;Jugoslawien;3;2;NA
1952-12-28;00:00;Länderspiel;Spanien;BRD;2;2;NA
1953-03-22;17:00;Länderspiel;BRD;Österreich;0;0;NA
1953-08-19;NA;WM-Qualifikation (Europa);Norwegen;BRD;1;1;NA
1953-10-11;NA;WM-Qualifikation (Europa);BRD;Saarland;3;0;NA
1953-11-22;NA;WM-Qualifikation (Europa);BRD;Norwegen;5;1;NA
1954-03-28;NA;WM-Qualifikation (Europa);Saarland;BRD;1;3;NA
1954-04-25;00:00;Länderspiel;Schweiz;BRD;3;5;NA
1954-06-17;18:00;Weltmeisterschaft;BRD;Türkei;4;1;NA
1954-06-20;16:50;Weltmeisterschaft;Ungarn;BRD;8;3;NA
1954-06-23;18:00;Weltmeisterschaft;BRD;Türkei;7;2;Ent
1954-06-27;17:00;Weltmeisterschaft;BRD;Jugoslawien;2;0;NA
1954-06-30;18:00;Weltmeisterschaft;BRD;Österreich;6;1;NA
1954-07-04;17:00;Weltmeisterschaft;BRD;Ungarn;3;2;NA
1954-09-26;00:00;Länderspiel;Belgien;BRD;2;0;NA
1954-10-16;00:00;Länderspiel;BRD;Frankreich;1;3;NA
1954-12-01;00:00;Länderspiel;England;BRD;3;1;NA
1954-12-19;00:00;Länderspiel;Portugal;BRD;0;3;NA
1955-03-30;00:00;Länderspiel;BRD;Italien;1;2;NA
1955-05-28;00:00;Länderspiel;BRD;Republik Irland;2;1;NA
1955-08-21;00:00;Länderspiel;UdSSR;BRD;3;2;NA
1955-09-25;00:00;Länderspiel;Jugoslawien;BRD;3;1;NA
1955-11-16;00:00;Länderspiel;BRD;Norwegen;2;0;NA
1955-12-18;00:00;Länderspiel;Italien;BRD;2;1;NA
1956-03-14;00:00;Länderspiel;BRD;Niederlande;1;2;NA
1956-05-26;00:00;Länderspiel;BRD;England;1;3;NA
1956-06-13;00:00;Länderspiel;Norwegen;BRD;1;3;NA
1956-06-30;00:00;Länderspiel;Schweden;BRD;2;2;NA
1956-09-15;00:00;Länderspiel;BRD;UdSSR;1;2;NA
1956-11-21;00:00;Länderspiel;BRD;Schweiz;1;3;NA
1956-11-25;00:00;Länderspiel;Republik Irland;BRD;3;0;NA
1956-12-23;00:00;Länderspiel;BRD;Belgien;4;1;NA
1957-03-10;14:30;Länderspiel;Österreich;BRD;2;3;NA
1957-04-03;00:00;Länderspiel;Niederlande;BRD;1;2;NA
1957-05-22;00:00;Länderspiel;BRD;Schottland;1;3;NA
1957-11-20;00:00;Länderspiel;BRD;Schweden;1;0;NA
1957-12-22;00:00;Länderspiel;BRD;Ungarn;1;0;NA
1958-03-02;00:00;Länderspiel;Belgien;BRD;0;2;NA
1958-03-19;00:00;Länderspiel;BRD;Spanien;2;0;NA
1958-04-02;00:00;Länderspiel;Tschechoslowakei;BRD;3;2;NA
1958-06-08;19:00;Weltmeisterschaft;Argentinien;BRD;1;3;NA
1958-06-11;19:00;Weltmeisterschaft;BRD;Tschechoslowakei;2;2;NA
1958-06-15;19:00;Weltmeisterschaft;BRD;Nordirland;2;2;NA
1958-06-19;19:00;Weltmeisterschaft;BRD;Jugoslawien;1;0;NA
1958-06-24;19:00;Weltmeisterschaft;Schweden;BRD;3;1;NA
1958-06-28;17:00;Weltmeisterschaft;Frankreich;BRD;6;3;NA
1958-09-24;00:00;Länderspiel;Dänemark;BRD;1;1;NA
1958-10-26;00:00;Länderspiel;Frankreich;BRD;2;2;NA
1958-11-19;14:00;Länderspiel;BRD;Österreich;2;2;NA
1958-12-21;00:00;Länderspiel;BRD;Bulgarien;3;0;NA
1958-12-28;00:00;Länderspiel;Ägypten;BRD;2;1;NA
1959-05-06;00:00;Länderspiel;Schottland;BRD;3;2;NA
1959-05-20;00:00;Länderspiel;BRD;Polen;1;1;NA
1959-10-04;00:00;Länderspiel;Schweiz;BRD;0;4;NA
1959-10-21;00:00;Länderspiel;BRD;Niederlande;7;0;NA
1959-11-08;00:00;Länderspiel;Ungarn;BRD;4;3;NA
1959-12-20;00:00;Länderspiel;BRD;Jugoslawien;1;1;NA
1960-03-23;00:00;Länderspiel;BRD;Chile;2;1;NA
1960-04-27;00:00;Länderspiel;BRD;Portugal;2;1;NA
1960-05-11;00:00;Länderspiel;BRD;Republik Irland;0;1;NA
1960-08-03;00:00;Länderspiel;Island;BRD;0;5;NA
1960-10-26;NA;WM-Qualifikation (Europa);Nordirland;BRD;3;4;NA
1960-11-20;NA;WM-Qualifikation (Europa);Griechenland;BRD;0;3;NA
1960-11-23;00:00;Länderspiel;Bulgarien;BRD;2;1;NA
1961-03-08;00:00;Länderspiel;BRD;Belgien;1;0;NA
1961-03-26;00:00;Länderspiel;Chile;BRD;3;1;NA
1961-05-10;NA;WM-Qualifikation (Europa);BRD;Nordirland;2;1;NA
1961-09-20;00:00;Länderspiel;BRD;Dänemark;5;1;NA
1961-10-08;00:00;Länderspiel;Polen;BRD;0;2;NA
1961-10-22;NA;WM-Qualifikation (Europa);BRD;Griechenland;2;1;NA
1962-04-11;00:00;Länderspiel;BRD;Uruguay;3;0;NA
1962-05-31;15:00;Weltmeisterschaft;BRD;Italien;0;0;NA
1962-06-03;15:00;Weltmeisterschaft;BRD;Schweiz;2;1;NA
1962-06-06;15:00;Weltmeisterschaft;BRD;Chile;2;0;NA
1962-06-10;14:30;Weltmeisterschaft;Jugoslawien;BRD;1;0;NA
1962-09-30;00:00;Länderspiel;Jugoslawien;BRD;2;3;NA
1962-10-24;00:00;Länderspiel;BRD;Frankreich;2;2;NA
1962-12-23;00:00;Länderspiel;BRD;Schweiz;5;1;NA
1963-05-05;00:00;Länderspiel;BRD;Brasilien;1;2;NA
1963-09-28;00:00;Länderspiel;BRD;Türkei;3;0;NA
1963-11-03;00:00;Länderspiel;Schweden;BRD;2;1;NA
1963-12-29;00:00;Länderspiel;Marokko;BRD;1;4;NA
1964-01-01;00:00;Länderspiel;Algerien;BRD;2;0;NA
1964-04-29;00:00;Länderspiel;BRD;Tschechoslowakei;3;4;NA
1964-05-12;00:00;Länderspiel;BRD;Schottland;2;2;NA
1964-06-07;00:00;Länderspiel;Finnland;BRD;1;4;NA
1964-11-04;00:00;WM-Qualifikation (Europa);BRD;Schweden;1;1;NA
1965-03-13;00:00;Länderspiel;BRD;Italien;1;1;NA
1965-04-24;00:00;WM-Qualifikation (Europa);BRD;Zypern;5;0;NA
1965-05-12;00:00;Länderspiel;BRD;England;0;1;NA
1965-05-26;00:00;Länderspiel;Schweiz;BRD;0;1;NA
1965-06-06;00:00;Länderspiel;Brasilien;BRD;2;0;NA
1965-09-26;00:00;WM-Qualifikation (Europa);Schweden;BRD;1;2;NA
1965-10-09;16:00;Länderspiel;BRD;Österreich;4;1;NA
1965-11-14;00:00;WM-Qualifikation (Europa);Zypern;BRD;0;6;NA
1966-02-23;00:00;Länderspiel;England;BRD;1;0;NA
1966-03-23;00:00;Länderspiel;Niederlande;BRD;2;4;NA
1966-05-04;00:00;Länderspiel;Republik Irland;BRD;0;4;NA
1966-05-07;00:00;Länderspiel;Nordirland;BRD;0;2;NA
1966-06-01;00:00;Länderspiel;BRD;Rumänien;1;0;NA
1966-06-23;00:00;Länderspiel;BRD;Jugoslawien;2;0;NA
1966-07-12;19:30;Weltmeisterschaft;BRD;Schweiz;5;0;NA
1966-07-16;15:00;Weltmeisterschaft;BRD;Argentinien;0;0;NA
1966-07-20;19:30;Weltmeisterschaft;BRD;Spanien;2;1;NA
1966-07-23;15:00;Weltmeisterschaft;BRD;Uruguay;4;0;NA
1966-07-25;19:30;Weltmeisterschaft;BRD;UdSSR;2;1;NA
1966-07-30;15:00;Weltmeisterschaft;England;BRD;4;2;n.V.
1966-10-12;00:00;Länderspiel;Türkei;BRD;0;2;NA
1966-11-19;00:00;Länderspiel;BRD;Norwegen;3;0;NA
1967-02-22;00:00;Länderspiel;BRD;Marokko;5;1;NA
1967-03-22;00:00;Länderspiel;BRD;Bulgarien;1;0;NA
1967-04-08;00:00;EM-Qualifikation;BRD;Albanien;6;0;NA
1967-05-03;00:00;EM-Qualifikation;Jugoslawien;BRD;1;0;NA
1967-09-27;00:00;Länderspiel;BRD;Frankreich;5;1;NA
1967-10-07;00:00;EM-Qualifikation;BRD;Jugoslawien;3;1;NA
1967-11-22;00:00;Länderspiel;Rumänien;BRD;1;0;NA
1967-12-17;00:00;EM-Qualifikation;Albanien;BRD;0;0;NA
1968-03-06;00:00;Länderspiel;Belgien;BRD;1;3;NA
1968-04-17;00:00;Länderspiel;Schweiz;BRD;0;0;NA
1968-05-08;00:00;Länderspiel;Wales;BRD;1;1;NA
1968-06-01;00:00;Länderspiel;BRD;England;1;0;NA
1968-06-16;00:00;Länderspiel;BRD;Brasilien;2;1;NA
1968-09-25;00:00;Länderspiel;Frankreich;BRD;1;1;NA
1968-10-13;14:30;WM-Qualifikation (Europa);Österreich;BRD;0;2;NA
1968-11-23;00:00;WM-Qualifikation (Europa);Zypern;BRD;0;1;NA
1968-12-14;00:00;Länderspiel;Brasilien;BRD;2;2;NA
1968-12-18;00:00;Länderspiel;Chile;BRD;2;1;NA
1968-12-22;00:00;Länderspiel;Mexiko;BRD;0;0;NA
1969-03-26;00:00;Länderspiel;BRD;Wales;1;1;NA
1969-04-16;00:00;WM-Qualifikation (Europa);Schottland;BRD;1;1;NA
1969-05-10;16:00;WM-Qualifikation (Europa);BRD;Österreich;1;0;NA
1969-05-21;00:00;WM-Qualifikation (Europa);BRD;Zypern;12;0;NA
1969-09-21;15:00;Länderspiel;Österreich;BRD;1;1;NA
1969-09-24;00:00;Länderspiel;Bulgarien;BRD;0;1;NA
1969-10-22;00:00;WM-Qualifikation (Europa);BRD;Schottland;3;2;NA
1970-02-11;00:00;Länderspiel;Spanien;BRD;2;0;NA
1970-04-08;00:00;Länderspiel;BRD;Rumänien;1;1;NA
1970-05-09;00:00;Länderspiel;BRD;Republik Irland;2;1;NA
1970-05-13;00:00;Länderspiel;BRD;Jugoslawien;1;0;NA
1970-06-03;16:00;Weltmeisterschaft;BRD;Marokko;2;1;NA
1970-06-07;12:00;Weltmeisterschaft;BRD;Bulgarien;5;2;NA
1970-06-10;16:00;Weltmeisterschaft;BRD;Peru;3;1;NA
1970-06-14;12:00;Weltmeisterschaft;BRD;England;3;2;n.V.
1970-06-17;16:00;Weltmeisterschaft;Italien;BRD;4;3;n.V.
1970-06-20;16:00;Weltmeisterschaft;BRD;Uruguay;1;0;NA
1970-09-09;00:00;Länderspiel;BRD;Ungarn;3;1;NA
1970-10-17;00:00;EM-Qualifikation;BRD;Türkei;1;1;NA
1970-11-18;00:00;Länderspiel;Jugoslawien;BRD;2;0;NA
1970-11-22;00:00;Länderspiel;Griechenland;BRD;1;3;NA
1971-02-17;00:00;EM-Qualifikation;Albanien;BRD;0;1;NA
1971-04-25;00:00;EM-Qualifikation;Türkei;BRD;0;3;NA
1971-06-12;00:00;EM-Qualifikation;BRD;Albanien;2;0;NA
1971-06-22;00:00;Länderspiel;Norwegen;BRD;1;7;NA
1971-06-27;00:00;Länderspiel;Schweden;BRD;1;0;NA
1971-06-30;00:00;Länderspiel;Dänemark;BRD;1;3;NA
1971-09-08;00:00;Länderspiel;BRD;Mexiko;5;0;NA
1971-10-10;00:00;EM-Qualifikation;Polen;BRD;1;3;NA
1971-11-17;00:00;EM-Qualifikation;BRD;Polen;0;0;NA
1972-03-29;00:00;Länderspiel;Ungarn;BRD;0;2;NA
1972-04-29;00:00;EM-Qualifikation;England;BRD;1;3;NA
1972-05-13;00:00;EM-Qualifikation;BRD;England;0;0;NA
1972-05-26;00:00;Länderspiel;BRD;UdSSR;4;1;NA
1972-06-14;00:00;Europameisterschaft;BRD;Belgien;2;1;NA
1972-06-18;00:00;Europameisterschaft;BRD;UdSSR;3;0;NA
1972-11-15;00:00;Länderspiel;BRD;Schweiz;5;1;NA
1973-02-14;00:00;Länderspiel;BRD;Argentinien;2;3;NA
1973-03-28;00:00;Länderspiel;BRD;Tschechoslowakei;3;0;NA
1973-05-09;00:00;Länderspiel;BRD;Jugoslawien;0;1;NA
1973-05-12;00:00;Länderspiel;BRD;Bulgarien;3;0;NA
1973-06-16;00:00;Länderspiel;BRD;Brasilien;0;1;NA
1973-09-05;00:00;Länderspiel;UdSSR;BRD;0;1;NA
1973-10-10;20:00;Länderspiel;BRD;Österreich;4;0;NA
1973-10-13;16:00;Länderspiel;BRD;Frankreich;2;1;NA
1973-11-14;00:00;Länderspiel;Schottland;BRD;1;1;NA
1973-11-24;00:00;Länderspiel;BRD;Spanien;2;1;NA
1974-02-23;00:00;Länderspiel;Spanien;BRD;1;0;NA
1974-02-26;15:00;Länderspiel;Italien;BRD;0;0;NA
1974-03-27;00:00;Länderspiel;BRD;Schottland;2;1;NA
1974-04-17;00:00;Länderspiel;BRD;Ungarn;5;0;NA
1974-05-01;00:00;Länderspiel;BRD;Schweden;2;0;NA
1974-06-14;16:00;Weltmeisterschaft;BRD;Chile;1;0;NA
1974-06-18;16:00;Weltmeisterschaft;Australien;BRD;0;3;NA
1974-06-22;19:30;Weltmeisterschaft;DDR;BRD;1;0;NA
1974-06-26;16:00;Weltmeisterschaft;Jugoslawien;BRD;0;2;NA
1974-06-30;19:30;Weltmeisterschaft;BRD;Schweden;4;2;NA
1974-07-03;16:30;Weltmeisterschaft;Polen;BRD;0;1;NA
1974-07-07;16:00;Weltmeisterschaft;Niederlande;BRD;1;2;NA
1974-09-04;00:00;Länderspiel;Schweiz;BRD;1;2;NA
1974-11-20;00:00;EM-Qualifikation;Griechenland;BRD;2;2;NA
1974-12-22;00:00;EM-Qualifikation;Malta;BRD;0;1;NA
1975-03-12;00:00;Länderspiel;England;BRD;2;0;NA
1975-04-27;00:00;EM-Qualifikation;Bulgarien;BRD;1;1;NA
1975-05-17;00:00;Länderspiel;BRD;Niederlande;1;1;NA
1975-09-03;19:00;Länderspiel;Österreich;BRD;0;2;NA
1975-10-11;00:00;EM-Qualifikation;BRD;Griechenland;1;1;NA
1975-11-19;00:00;EM-Qualifikation;BRD;Bulgarien;1;0;NA
1975-12-20;00:00;Länderspiel;Türkei;BRD;0;5;NA
1976-02-28;00:00;EM-Qualifikation;BRD;Malta;8;0;NA
1976-04-24;00:00;EM-Qualifikation;Spanien;BRD;1;1;NA
1976-05-22;00:00;EM-Qualifikation;BRD;Spanien;2;0;NA
1976-06-17;00:00;Europameisterschaft;BRD;Jugoslawien;4;2;n.V.
1976-06-20;00:00;Europameisterschaft;Tschechoslowakei;BRD;5;3;i.E.
1976-10-06;00:00;Länderspiel;Wales;BRD;0;2;NA
1976-11-17;00:00;Länderspiel;BRD;Tschechoslowakei;2;0;NA
1977-02-23;00:00;Länderspiel;Frankreich;BRD;1;0;NA
1977-04-27;00:00;Länderspiel;BRD;Nordirland;5;0;NA
1977-04-30;00:00;Länderspiel;Jugoslawien;BRD;1;2;NA
1977-06-05;00:00;Länderspiel;Argentinien;BRD;1;3;NA
1977-06-08;00:00;Länderspiel;Uruguay;BRD;0;2;NA
1977-06-12;00:00;Länderspiel;Brasilien;BRD;1;1;NA
1977-06-14;00:00;Länderspiel;Mexiko;BRD;2;2;NA
1977-09-07;00:00;Länderspiel;Finnland;BRD;0;1;NA
1977-10-08;00:00;Länderspiel;BRD;Italien;2;1;NA
1977-11-16;00:00;Länderspiel;BRD;Schweiz;4;1;NA
1977-12-14;00:00;Länderspiel;BRD;Wales;1;1;NA
1978-02-22;00:00;Länderspiel;BRD;England;2;1;NA
1978-03-08;00:00;Länderspiel;BRD;UdSSR;1;0;NA
1978-04-05;00:00;Länderspiel;BRD;Brasilien;0;1;NA
1978-04-19;00:00;Länderspiel;Schweden;BRD;3;1;NA
1978-06-01;15:00;Weltmeisterschaft;BRD;Polen;0;0;NA
1978-06-06;16:45;Weltmeisterschaft;BRD;Mexiko;6;0;NA
1978-06-10;16:45;Weltmeisterschaft;BRD;Tunesien;0;0;NA
1978-06-14;13:45;Weltmeisterschaft;BRD;Italien;0;0;NA
1978-06-18;16:45;Weltmeisterschaft;BRD;Niederlande;2;2;NA
1978-06-21;13:45;Weltmeisterschaft;Österreich;BRD;3;2;NA
1978-10-11;00:00;Länderspiel;Tschechoslowakei;BRD;3;4;NA
1978-11-15;00:00;Länderspiel;BRD;Ungarn;0;0;abgebr.
1978-12-20;00:00;Länderspiel;BRD;Niederlande;3;1;NA
1979-02-25;00:00;EM-Qualifikation;Malta;BRD;0;0;NA
1979-04-01;00:00;EM-Qualifikation;Türkei;BRD;0;0;NA
1979-05-02;00:00;EM-Qualifikation;Wales;BRD;0;2;NA
1979-05-22;00:00;Länderspiel;Republik Irland;BRD;1;3;NA
1979-05-26;00:00;Länderspiel;Island;BRD;1;3;NA
1979-09-12;00:00;Länderspiel;BRD;Argentinien;2;1;NA
1979-10-17;00:00;EM-Qualifikation;BRD;Wales;5;1;NA
1979-11-21;00:00;Länderspiel;UdSSR;BRD;1;3;NA
1979-12-22;00:00;EM-Qualifikation;BRD;Türkei;2;0;NA
1980-02-27;00:00;EM-Qualifikation;BRD;Malta;8;0;NA
1980-04-02;19:30;Länderspiel;BRD;Österreich;1;0;NA
1980-05-13;00:00;Länderspiel;BRD;Polen;3;1;NA
1980-06-11;00:00;Europameisterschaft;BRD;Tschechoslowakei;1;0;NA
1980-06-14;00:00;Europameisterschaft;BRD;Niederlande;3;2;NA
1980-06-17;00:00;Europameisterschaft;BRD;Griechenland;0;0;NA
1980-06-22;00:00;Europameisterschaft;BRD;Belgien;2;1;NA
1980-09-10;00:00;Länderspiel;Schweiz;BRD;2;3;NA
1980-10-11;00:00;Länderspiel;Niederlande;BRD;1;1;NA
1980-11-19;00:00;Länderspiel;BRD;Frankreich;4;1;NA
1980-12-03;00:00;WM-Qualifikation (Europa);Bulgarien;BRD;1;3;NA
1981-01-01;00:00;Länderspiel;Argentinien;BRD;2;1;NA
1981-01-07;00:00;Länderspiel;Brasilien;BRD;4;1;NA
1981-04-01;00:00;WM-Qualifikation (Europa);Albanien;BRD;0;2;NA
1981-04-29;20:15;WM-Qualifikation (Europa);BRD;Österreich;2;0;NA
1981-05-19;00:00;Länderspiel;BRD;Brasilien;1;2;NA
1981-05-24;00:00;WM-Qualifikation (Europa);Finnland;BRD;0;4;NA
1981-09-02;00:00;Länderspiel;Polen;BRD;0;2;NA
1981-09-23;00:00;WM-Qualifikation (Europa);BRD;Finnland;7;1;NA
1981-10-14;19:00;WM-Qualifikation (Europa);Österreich;BRD;1;3;NA
1981-11-18;00:00;WM-Qualifikation (Europa);BRD;Albanien;8;0;NA
1981-11-22;00:00;WM-Qualifikation (Europa);BRD;Bulgarien;4;0;NA
1982-02-17;00:00;Länderspiel;BRD;Portugal;3;1;NA
1982-03-21;00:00;Länderspiel;Brasilien;BRD;1;0;NA
1982-03-24;00:00;Länderspiel;Argentinien;BRD;1;1;NA
1982-04-14;00:00;Länderspiel;BRD;Tschechoslowakei;2;1;NA
1982-05-12;00:00;Länderspiel;Norwegen;BRD;2;4;NA
1982-06-16;17:15;Weltmeisterschaft;BRD;Algerien;1;2;NA
1982-06-20;17:15;Weltmeisterschaft;BRD;Chile;4;1;NA
1982-06-25;17:15;Weltmeisterschaft;BRD;Österreich;1;0;NA
1982-06-29;21:00;Weltmeisterschaft;BRD;England;0;0;NA
1982-07-02;21:00;Weltmeisterschaft;BRD;Spanien;2;1;NA
1982-07-08;21:00;Weltmeisterschaft;BRD;Frankreich;5;4;i.E.
1982-07-11;20:00;Weltmeisterschaft;Italien;BRD;3;1;NA
1982-09-22;00:00;Länderspiel;BRD;Belgien;0;0;NA
1982-10-13;00:00;Länderspiel;England;BRD;1;2;NA
1982-11-17;00:00;EM-Qualifikation;Nordirland;BRD;1;0;NA
1983-02-23;00:00;Länderspiel;Portugal;BRD;1;0;NA
1983-03-30;00:00;EM-Qualifikation;Albanien;BRD;1;2;NA
1983-04-23;00:00;EM-Qualifikation;Türkei;BRD;0;3;NA
1983-04-27;00:00;EM-Qualifikation;Österreich;BRD;0;0;NA
1983-06-07;00:00;Länderspiel;BRD;Jugoslawien;4;2;NA
1983-09-07;00:00;Länderspiel;Ungarn;BRD;1;1;NA
1983-10-05;00:00;EM-Qualifikation;BRD;Österreich;3;0;NA
1983-10-26;00:00;EM-Qualifikation;BRD;Türkei;5;1;NA
1983-11-16;15:30;EM-Qualifikation;BRD;Nordirland;0;1;NA
1983-11-20;00:00;EM-Qualifikation;BRD;Albanien;2;1;NA
1984-02-15;00:00;Länderspiel;Bulgarien;BRD;2;3;NA
1984-02-29;00:00;Länderspiel;Belgien;BRD;0;1;NA
1984-03-28;NA;Länderspiel;BRD;UdSSR;2;1;NA
1984-04-18;00:00;Länderspiel;Frankreich;BRD;1;0;NA
1984-05-22;00:00;Länderspiel;BRD;Italien;1;0;NA
1984-06-14;00:00;Europameisterschaft;Portugal;BRD;0;0;NA
1984-06-17;00:00;Europameisterschaft;BRD;Rumänien;2;1;NA
1984-06-20;00:00;Europameisterschaft;Spanien;BRD;1;0;NA
1984-09-12;00:00;Länderspiel;BRD;Argentinien;1;3;NA
1984-10-17;00:00;WM-Qualifikation (Europa);BRD;Schweden;2;0;NA
1984-12-16;00:00;WM-Qualifikation (Europa);Malta;BRD;2;3;NA
1985-01-29;20:15;Länderspiel;BRD;Ungarn;0;1;NA
1985-02-24;00:00;WM-Qualifikation (Europa);Portugal;BRD;1;2;NA
1985-03-27;00:00;WM-Qualifikation (Europa);BRD;Malta;6;0;NA
1985-04-17;00:00;Länderspiel;BRD;Bulgarien;4;1;NA
1985-04-30;00:00;WM-Qualifikation (Europa);Tschechoslowakei;BRD;1;5;NA
1985-06-12;00:00;Länderspiel;BRD;England;0;3;NA
1985-06-15;00:00;Länderspiel;Mexiko;BRD;2;0;NA
1985-08-28;00:00;Länderspiel;UdSSR;BRD;1;0;NA
1985-09-25;00:00;WM-Qualifikation (Europa);Schweden;BRD;2;2;NA
1985-10-16;00:00;WM-Qualifikation (Europa);BRD;Portugal;0;1;NA
1985-11-17;00:00;WM-Qualifikation (Europa);BRD;Tschechoslowakei;2;2;NA
1986-02-05;00:00;Länderspiel;Italien;BRD;1;2;NA
1986-03-12;00:00;Länderspiel;BRD;Brasilien;2;0;NA
1986-04-09;00:00;Länderspiel;Schweiz;BRD;0;1;NA
1986-05-11;00:00;Länderspiel;BRD;Jugoslawien;1;1;NA
1986-05-14;00:00;Länderspiel;BRD;Niederlande;3;1;NA
1986-06-04;12:00;Weltmeisterschaft;Uruguay;BRD;1;1;NA
1986-06-08;12:00;Weltmeisterschaft;BRD;Schottland;2;1;NA
1986-06-13;12:00;Weltmeisterschaft;Dänemark;BRD;2;0;NA
1986-06-17;16:00;Weltmeisterschaft;Marokko;BRD;0;1;NA
1986-06-21;16:00;Weltmeisterschaft;BRD;Mexiko;4;1;i.E.
1986-06-25;12:00;Weltmeisterschaft;Frankreich;BRD;0;2;NA
1986-06-29;12:00;Weltmeisterschaft;Argentinien;BRD;3;2;NA
1986-09-24;00:00;Länderspiel;Dänemark;BRD;0;2;NA
1986-10-15;20:15;Länderspiel;BRD;Spanien;2;2;NA
1986-10-29;19:30;Länderspiel;Österreich;BRD;4;1;NA
1987-03-25;20:00;Länderspiel;Israel;BRD;0;2;NA
1987-04-18;00:00;Länderspiel;BRD;Italien;0;0;NA
1987-08-12;00:00;Länderspiel;BRD;Frankreich;2;1;NA
1987-09-09;00:00;Länderspiel;BRD;England;3;1;NA
1987-09-23;00:00;Länderspiel;BRD;Dänemark;1;0;NA
1987-10-14;00:00;Länderspiel;BRD;Schweden;1;1;NA
1987-11-18;00:00;Länderspiel;Ungarn;BRD;0;0;NA
1987-12-12;00:00;Länderspiel;Brasilien;BRD;1;1;NA
1987-12-16;00:00;Länderspiel;Argentinien;BRD;1;0;NA
1988-03-31;00:00;Länderspiel;BRD;Schweden;2;4;i.E.
1988-04-02;00:00;Länderspiel;BRD;Argentinien;1;0;NA
1988-04-27;00:00;Länderspiel;BRD;Schweiz;1;0;NA
1988-06-04;00:00;Länderspiel;BRD;Jugoslawien;1;1;NA
1988-06-10;00:00;Europameisterschaft;Italien;BRD;1;1;NA
1988-06-14;00:00;Europameisterschaft;BRD;Dänemark;2;0;NA
1988-06-17;00:00;Europameisterschaft;BRD;Spanien;2;0;NA
1988-06-21;00:00;Europameisterschaft;Niederlande;BRD;2;1;NA
1988-08-31;00:00;WM-Qualifikation (Europa);Finnland;BRD;0;4;NA
1988-09-21;00:00;Länderspiel;BRD;UdSSR;1;0;NA
1988-10-19;20:15;WM-Qualifikation (Europa);BRD;Niederlande;0;0;NA
1989-03-22;00:00;Länderspiel;Bulgarien;BRD;1;2;NA
1989-04-26;00:00;WM-Qualifikation (Europa);Niederlande;BRD;1;1;NA
1989-05-31;00:00;WM-Qualifikation (Europa);Wales;BRD;0;0;NA
1989-09-06;00:00;Länderspiel;Republik Irland;BRD;1;1;NA
1989-10-04;00:00;WM-Qualifikation (Europa);BRD;Finnland;6;1;NA
1989-11-15;00:00;WM-Qualifikation (Europa);BRD;Wales;2;1;NA
1990-02-28;00:00;Länderspiel;Frankreich;Deutschland;2;1;NA
1990-04-25;00:00;Länderspiel;Deutschland;Uruguay;3;3;NA
1990-05-26;00:00;Länderspiel;Deutschland;Tschechische und Slowakische Föderative Republik (CSFR);1;0;NA
1990-05-30;00:00;Länderspiel;Deutschland;Dänemark;1;0;NA
1990-06-10;21:00;Weltmeisterschaft;Deutschland;Jugoslawien;4;1;NA
1990-06-15;21:00;Weltmeisterschaft;Deutschland;VA Emirate;5;1;NA
1990-06-19;17:00;Weltmeisterschaft;Deutschland;Kolumbien;1;1;NA
1990-06-24;21:00;Weltmeisterschaft;Deutschland;Niederlande;2;1;NA
1990-07-01;17:00;Weltmeisterschaft;Deutschland;Tschechische und Slowakische Föderative Republik (CSFR);1;0;NA
1990-07-04;20:00;Weltmeisterschaft;Deutschland;England;4;3;i.E.
1990-07-08;20:00;Weltmeisterschaft;Deutschland;Argentinien;1;0;NA
1990-08-29;00:00;Länderspiel;Portugal;Deutschland;1;1;NA
1990-10-10;00:00;Länderspiel;Schweden;Deutschland;1;3;NA
1990-10-31;00:00;EM-Qualifikation;Luxemburg;Deutschland;2;3;NA
1990-12-19;00:00;Länderspiel;Deutschland;Schweiz;4;0;NA
1991-03-27;00:00;Länderspiel;Deutschland;UdSSR;2;1;NA
1991-05-01;00:00;EM-Qualifikation;Deutschland;Belgien;1;0;NA
1991-06-05;00:00;EM-Qualifikation;Wales;Deutschland;1;0;NA
1991-09-11;00:00;Länderspiel;England;Deutschland;0;1;NA
1991-10-16;00:00;EM-Qualifikation;Deutschland;Wales;4;1;NA
1991-11-20;00:00;EM-Qualifikation;Belgien;Deutschland;0;1;NA
1991-12-18;00:00;EM-Qualifikation;Deutschland;Luxemburg;4;0;NA
1992-03-25;00:00;Länderspiel;Italien;Deutschland;1;0;NA
1992-04-22;00:00;Länderspiel;Tschechische und Slowakische Föderative Republik (CSFR);Deutschland;1;1;NA
1992-05-30;00:00;Länderspiel;Deutschland;Türkei;1;0;NA
1992-06-02;00:00;Länderspiel;Deutschland;Nordirland;1;1;NA
1992-06-12;00:00;Europameisterschaft;Gemeinschaft Unabhängiger Staaten;Deutschland;1;1;NA
1992-06-15;00:00;Europameisterschaft;Deutschland;Schottland;2;0;NA
1992-06-18;00:00;Europameisterschaft;Niederlande;Deutschland;3;1;NA
1992-06-21;00:00;Europameisterschaft;Deutschland;Schweden;3;2;NA
1992-06-26;00:00;Europameisterschaft;Dänemark;Deutschland;2;0;NA
1992-09-09;00:00;Länderspiel;Dänemark;Deutschland;1;2;NA
1992-10-14;00:00;Länderspiel;Deutschland;Mexiko;1;1;NA
1992-11-18;17:00;Länderspiel;Deutschland;Österreich;0;0;NA
1992-12-16;00:00;Länderspiel;Brasilien;Deutschland;3;1;NA
1992-12-20;00:00;Länderspiel;Uruguay;Deutschland;1;4;NA
1993-03-24;00:00;Länderspiel;Schottland;Deutschland;0;1;NA
1993-04-14;00:00;Länderspiel;Deutschland;Ghana;6;1;NA
1993-06-10;00:00;Länderspiel;Deutschland;Brasilien;3;3;NA
1993-06-13;00:00;Länderspiel;USA;Deutschland;3;4;NA
1993-06-19;00:00;Länderspiel;Deutschland;England;2;1;NA
1993-09-22;00:00;Länderspiel;Tunesien;Deutschland;1;1;NA
1993-10-13;00:00;Länderspiel;Deutschland;Uruguay;5;0;NA
1993-11-17;00:00;Länderspiel;Deutschland;Brasilien;2;1;NA
1993-12-15;00:00;Länderspiel;Deutschland;Argentinien;1;2;NA
1993-12-18;00:00;Länderspiel;USA;Deutschland;0;3;NA
1993-12-22;00:00;Länderspiel;Mexiko;Deutschland;0;0;NA
1994-03-23;00:00;Länderspiel;Deutschland;Italien;2;1;NA
1994-04-27;00:00;Länderspiel;VA Emirate;Deutschland;0;2;NA
1994-05-29;00:00;Länderspiel;Deutschland;Republik Irland;0;2;NA
1994-06-02;15:30;Länderspiel;Österreich;Deutschland;1;5;NA
1994-06-08;00:00;Länderspiel;Kanada;Deutschland;0;2;NA
1994-06-17;21:00;Weltmeisterschaft;Deutschland;Bolivien;1;0;NA
1994-06-21;22:00;Weltmeisterschaft;Deutschland;Spanien;1;1;NA
1994-06-27;22:00;Weltmeisterschaft;Deutschland;Südkorea;3;2;NA
1994-07-02;19:00;Weltmeisterschaft;Deutschland;Belgien;3;2;NA
1994-07-10;18:00;Weltmeisterschaft;Bulgarien;Deutschland;2;1;NA
1994-09-07;00:00;Länderspiel;Russland;Deutschland;0;1;NA
1994-10-12;00:00;Länderspiel;Ungarn;Deutschland;0;0;NA
1994-11-16;00:00;EM-Qualifikation;Albanien;Deutschland;1;2;NA
1994-12-14;00:00;EM-Qualifikation;Moldau;Deutschland;0;3;NA
1994-12-18;00:00;EM-Qualifikation;Deutschland;Albanien;2;1;NA
1995-02-22;00:00;Länderspiel;Spanien;Deutschland;0;0;NA
1995-03-29;00:00;EM-Qualifikation;Georgien;Deutschland;0;2;NA
1995-04-26;00:00;EM-Qualifikation;Deutschland;Wales;1;1;NA
1995-06-07;00:00;EM-Qualifikation;Bulgarien;Deutschland;3;2;NA
1995-06-21;00:00;Länderspiel;Deutschland;Italien;2;0;NA
1995-06-23;00:00;Länderspiel;Schweiz;Deutschland;1;2;NA
1995-08-23;00:00;Länderspiel;Belgien;Deutschland;1;2;NA
1995-09-06;00:00;EM-Qualifikation;Deutschland;Georgien;4;1;NA
1995-10-08;00:00;EM-Qualifikation;Deutschland;Moldau;6;1;NA
1995-10-11;00:00;EM-Qualifikation;Wales;Deutschland;1;2;NA
1995-11-15;00:00;EM-Qualifikation;Deutschland;Bulgarien;3;1;NA
1995-12-15;00:00;Länderspiel;Südafrika;Deutschland;0;0;NA
1996-02-21;00:00;Länderspiel;Portugal;Deutschland;1;2;NA
1996-03-27;00:00;Länderspiel;Deutschland;Dänemark;2;0;NA
1996-04-24;00:00;Länderspiel;Niederlande;Deutschland;0;1;NA
1996-05-29;00:00;Länderspiel;Nordirland;Deutschland;1;1;NA
1996-06-01;17:00;Länderspiel;Deutschland;Frankreich;0;1;NA
1996-06-04;00:00;Länderspiel;Deutschland;Liechtenstein;9;1;NA
1996-06-09;18:00;Europameisterschaft;Deutschland;Tschechien;2;0;NA
1996-06-16;17:30;Europameisterschaft;Deutschland;Russland;3;0;NA
1996-06-19;20:30;Europameisterschaft;Deutschland;Italien;0;0;NA
1996-06-23;16:00;Europameisterschaft;Deutschland;Kroatien;2;1;NA
1996-06-26;20:30;Europameisterschaft;Deutschland;England;6;5;i.E.
1996-06-30;20:00;Europameisterschaft;Deutschland;Tschechien;2;1;n.V.
1996-09-04;00:00;Länderspiel;Polen;Deutschland;0;2;NA
1996-10-09;00:00;WM-Qualifikation (Europa);Armenien;Deutschland;1;5;NA
1996-11-09;00:00;WM-Qualifikation (Europa);Deutschland;Nordirland;1;1;NA
1996-12-14;00:00;WM-Qualifikation (Europa);Portugal;Deutschland;0;0;NA
1997-02-26;00:00;Länderspiel;Israel;Deutschland;0;1;NA
1997-04-02;NA;WM-Qualifikation (Europa);Albanien;Deutschland;2;3;NA
1997-04-30;00:00;WM-Qualifikation (Europa);Deutschland;Ukraine;2;0;NA
1997-06-07;00:00;WM-Qualifikation (Europa);Ukraine;Deutschland;0;0;NA
1997-08-20;00:00;WM-Qualifikation (Europa);Nordirland;Deutschland;1;3;NA
1997-09-06;00:00;WM-Qualifikation (Europa);Deutschland;Portugal;1;1;NA
1997-09-10;00:00;WM-Qualifikation (Europa);Deutschland;Armenien;4;0;NA
1997-10-11;00:00;WM-Qualifikation (Europa);Deutschland;Albanien;4;3;NA
1997-11-15;00:00;Länderspiel;Deutschland;Südafrika;3;0;NA
1998-02-18;00:00;Länderspiel;Oman;Deutschland;0;2;NA
1998-02-22;00:00;Länderspiel;Saudi-Arabien;Deutschland;0;3;NA
1998-03-25;00:00;Länderspiel;Deutschland;Brasilien;1;2;NA
1998-04-22;00:00;Länderspiel;Deutschland;Nigeria;1;0;NA
1998-05-27;00:00;Länderspiel;Finnland;Deutschland;0;0;NA
1998-05-30;00:00;Länderspiel;Deutschland;Kolumbien;3;1;NA
1998-06-05;00:00;Länderspiel;Deutschland;Luxemburg;7;0;NA
1998-06-15;21:00;Weltmeisterschaft;Deutschland;USA;2;0;NA
1998-06-21;14:30;Weltmeisterschaft;Deutschland;Jugoslawien;2;2;NA
1998-06-25;21:00;Weltmeisterschaft;Deutschland;Iran;2;0;NA
1998-06-29;16:30;Weltmeisterschaft;Deutschland;Mexiko;2;1;NA
1998-07-04;21:00;Weltmeisterschaft;Deutschland;Kroatien;0;3;NA
1998-09-02;00:00;Länderspiel;Malta;Deutschland;1;2;NA
1998-09-05;00:00;Länderspiel;Deutschland;Rumänien;1;1;NA
1998-10-10;00:00;EM-Qualifikation;Türkei;Deutschland;1;0;NA
1998-10-14;00:00;EM-Qualifikation;Moldau;Deutschland;1;3;NA
1998-11-18;00:00;Länderspiel;Deutschland;Niederlande;1;1;NA
1999-02-06;19:00;Länderspiel;USA;Deutschland;3;0;NA
1999-02-09;21:00;Länderspiel;Deutschland;Kolumbien;3;3;NA
1999-03-27;16:00;EM-Qualifikation;Nordirland;Deutschland;0;3;NA
1999-03-31;20:30;EM-Qualifikation;Deutschland;Finnland;2;0;NA
1999-04-28;20:30;Länderspiel;Deutschland;Schottland;0;1;NA
1999-06-04;20:30;EM-Qualifikation;Deutschland;Moldau;6;1;NA
1999-07-24;12:00;Confederations Cup;Brasilien;Deutschland;4;0;NA
1999-07-28;18:00;Confederations Cup;Deutschland;Neuseeland;2;0;NA
1999-07-30;18:00;Confederations Cup;USA;Deutschland;2;0;NA
1999-09-04;19:00;EM-Qualifikation;Finnland;Deutschland;1;2;NA
1999-09-08;20:30;EM-Qualifikation;Deutschland;Nordirland;4;0;NA
1999-10-09;19:30;EM-Qualifikation;Deutschland;Türkei;0;0;NA
1999-11-14;17:30;Länderspiel;Norwegen;Deutschland;0;1;NA
2000-02-23;20:15;Länderspiel;Niederlande;Deutschland;2;1;NA
2000-03-29;19:00;Länderspiel;Kroatien;Deutschland;1;1;NA
2000-04-26;20:30;Länderspiel;Deutschland;Schweiz;1;1;NA
2000-06-03;19:00;Länderspiel;Deutschland;Tschechien;3;2;NA
2000-06-07;19:30;Länderspiel;Deutschland;Liechtenstein;8;2;NA
2000-06-12;18:00;Europameisterschaft;Deutschland;Rumänien;1;1;NA
2000-06-17;20:45;Europameisterschaft;England;Deutschland;1;0;NA
2000-06-20;20:45;Europameisterschaft;Portugal;Deutschland;3;0;NA
2000-08-16;20:30;Länderspiel;Deutschland;Spanien;4;1;NA
2000-09-02;19:00;WM-Qualifikation (Europa);Deutschland;Griechenland;2;0;NA
2000-10-07;16:00;WM-Qualifikation (Europa);England;Deutschland;0;1;NA
2000-11-15;19:15;Länderspiel;Dänemark;Deutschland;2;1;NA
2001-02-27;20:45;Länderspiel;Frankreich;Deutschland;1;0;NA
2001-03-24;20:00;WM-Qualifikation (Europa);Deutschland;Albanien;2;1;NA
2001-03-28;20:30;WM-Qualifikation (Europa);Griechenland;Deutschland;2;4;NA
2001-05-29;19:30;Länderspiel;Deutschland;Slowakei;2;0;NA
2001-06-02;19:00;WM-Qualifikation (Europa);Finnland;Deutschland;2;2;NA
2001-06-06;19:30;WM-Qualifikation (Europa);Albanien;Deutschland;0;2;NA
2001-08-15;20:45;Länderspiel;Ungarn;Deutschland;2;5;NA
2001-09-01;19:30;WM-Qualifikation (Europa);Deutschland;England;1;5;NA
2001-10-06;16:00;WM-Qualifikation (Europa);Deutschland;Finnland;0;0;NA
2001-11-10;18:00;WM-Qualifikation (Europa);Ukraine;Deutschland;1;1;NA
2001-11-14;20:30;WM-Qualifikation (Europa);Deutschland;Ukraine;4;1;NA
2002-02-13;20:30;Länderspiel;Deutschland;Israel;7;1;NA
2002-03-27;20:45;Länderspiel;Deutschland;USA;4;2;NA
2002-04-17;20:45;Länderspiel;Deutschland;Argentinien;0;1;NA
2002-05-09;20:30;Länderspiel;Deutschland;Kuwait;7;0;NA
2002-05-14;20:45;Länderspiel;Wales;Deutschland;1;0;NA
2002-05-18;19:00;Länderspiel;Deutschland;Österreich;6;2;NA
2002-06-01;13:30;Weltmeisterschaft;Deutschland;Saudi-Arabien;8;0;NA
2002-06-05;13:30;Weltmeisterschaft;Deutschland;Republik Irland;1;1;NA
2002-06-11;13:30;Weltmeisterschaft;Kamerun;Deutschland;0;2;NA
2002-06-15;08:30;Weltmeisterschaft;Deutschland;Paraguay;1;0;NA
2002-06-21;13:30;Weltmeisterschaft;Deutschland;USA;1;0;NA
2002-06-25;13:30;Weltmeisterschaft;Deutschland;Südkorea;1;0;NA
2002-06-30;13:00;Weltmeisterschaft;Deutschland;Brasilien;0;2;NA
2002-08-21;19:45;Länderspiel;Bulgarien;Deutschland;2;2;NA
2002-09-07;19:30;EM-Qualifikation;Litauen;Deutschland;0;2;NA
2002-10-11;20:30;Länderspiel;Bosnien-Herzegowina;Deutschland;1;1;NA
2002-10-16;20:30;EM-Qualifikation;Deutschland;Färöer;2;1;NA
2002-11-20;20:00;Länderspiel;Deutschland;Niederlande;1;3;NA
2003-02-12;21:30;Länderspiel;Spanien;Deutschland;3;1;NA
2003-03-29;19:00;EM-Qualifikation;Deutschland;Litauen;1;1;NA
2003-04-30;20:40;Länderspiel;Deutschland;Serbien und Montenegro;1;0;NA
2003-06-01;19:00;Länderspiel;Deutschland;Kanada;4;1;NA
2003-06-07;16:00;EM-Qualifikation;Schottland;Deutschland;1;1;NA
2003-06-11;20:45;EM-Qualifikation;Färöer;Deutschland;0;2;NA
2003-08-20;20:45;Länderspiel;Deutschland;Italien;0;1;NA
2003-09-06;19:30;EM-Qualifikation;Island;Deutschland;0;0;NA
2003-09-10;20:45;EM-Qualifikation;Deutschland;Schottland;2;1;NA
2003-10-11;17:00;EM-Qualifikation;Deutschland;Island;3;0;NA
2003-11-15;20:30;Länderspiel;Deutschland;Frankreich;0;3;NA
2004-02-18;20:45;Länderspiel;Kroatien;Deutschland;1;2;NA
2004-03-31;20:30;Länderspiel;Deutschland;Belgien;3;0;NA
2004-04-28;19:00;Länderspiel;Rumänien;Deutschland;5;1;NA
2004-05-27;20:30;Länderspiel;Deutschland;Malta;7;0;NA
2004-06-02;20:45;Länderspiel;Schweiz;Deutschland;0;2;NA
2004-06-06;19:00;Länderspiel;Deutschland;Ungarn;0;2;NA
2004-06-15;20:45;Europameisterschaft;Deutschland;Niederlande;1;1;NA
2004-06-19;18:00;Europameisterschaft;Lettland;Deutschland;0;0;NA
2004-06-23;20:45;Europameisterschaft;Deutschland;Tschechien;1;2;NA
2004-08-18;20:45;Länderspiel;Österreich;Deutschland;1;3;NA
2004-09-08;20:45;Länderspiel;Deutschland;Brasilien;1;1;NA
2004-10-09;18:00;Länderspiel;Iran;Deutschland;0;2;NA
2004-11-17;20:40;Länderspiel;Deutschland;Kamerun;3;0;NA
2004-12-16;12:10;Länderspiel;Japan;Deutschland;0;3;NA
2004-12-19;11:00;Länderspiel;Südkorea;Deutschland;3;1;NA
2004-12-21;12:30;Länderspiel;Thailand;Deutschland;1;5;NA
2005-02-09;20:45;Länderspiel;Deutschland;Argentinien;2;2;NA
2005-03-26;20:00;Länderspiel;Slowenien;Deutschland;0;1;NA
2005-06-04;20:30;Länderspiel;Nordirland;Deutschland;1;4;NA
2005-06-08;20:45;Länderspiel;Deutschland;Russland;2;2;NA
2005-06-15;21:00;Confederations Cup;Deutschland;Australien;4;3;NA
2005-06-18;18:00;Confederations Cup;Tunesien;Deutschland;0;3;NA
2005-06-21;20:45;Confederations Cup;Argentinien;Deutschland;2;2;NA
2005-06-25;18:00;Confederations Cup;Deutschland;Brasilien;2;3;NA
2005-06-29;17:45;Confederations Cup;Deutschland;Mexiko;4;3;n.V.
2005-08-17;20:30;Länderspiel;Niederlande;Deutschland;2;2;NA
2005-09-03;20:00;Länderspiel;Slowakei;Deutschland;2;0;NA
2005-09-07;20:30;Länderspiel;Deutschland;Südafrika;4;2;NA
2005-10-08;20:00;Länderspiel;Türkei;Deutschland;2;1;NA
2005-10-12;20:30;Länderspiel;Deutschland;China;1;0;NA
2005-11-12;21:00;Länderspiel;Frankreich;Deutschland;0;0;NA
2006-03-01;21:00;Länderspiel;Italien;Deutschland;4;1;NA
2006-03-22;20:30;Länderspiel;Deutschland;USA;4;1;NA
2006-05-27;17:00;Länderspiel;Deutschland;Luxemburg;7;0;NA
2006-05-30;20:30;Länderspiel;Deutschland;Japan;2;2;NA
2006-06-02;19:00;Länderspiel;Deutschland;Kolumbien;3;0;NA
2006-06-09;18:00;Weltmeisterschaft;Deutschland;Costa Rica;4;2;NA
2006-06-14;21:00;Weltmeisterschaft;Deutschland;Polen;1;0;NA
2006-06-20;16:00;Weltmeisterschaft;Ecuador;Deutschland;0;3;NA
2006-06-24;17:00;Weltmeisterschaft;Deutschland;Schweden;2;0;NA
2006-06-30;17:00;Weltmeisterschaft;Deutschland;Argentinien;4;2;i.E.
2006-07-04;21:00;Weltmeisterschaft;Deutschland;Italien;0;2;n.V.
2006-07-08;21:00;Weltmeisterschaft;Deutschland;Portugal;3;1;NA
2006-08-16;20:45;Länderspiel;Deutschland;Schweden;3;0;NA
2006-09-02;20:45;EM-Qualifikation;Deutschland;Republik Irland;1;0;NA
2006-09-06;20:45;EM-Qualifikation;San Marino;Deutschland;0;13;NA
2006-10-07;20:00;Länderspiel;Deutschland;Georgien;2;0;NA
2006-10-11;20:45;EM-Qualifikation;Slowakei;Deutschland;1;4;NA
2006-11-15;20:00;EM-Qualifikation;Zypern;Deutschland;1;1;NA
2007-02-07;20:00;Länderspiel;Deutschland;Schweiz;3;1;NA
2007-03-24;20:45;EM-Qualifikation;Tschechien;Deutschland;1;2;NA
2007-03-28;20:00;Länderspiel;Deutschland;Dänemark;0;1;NA
2007-06-02;19:00;EM-Qualifikation;Deutschland;San Marino;6;0;NA
2007-06-06;20:30;EM-Qualifikation;Deutschland;Slowakei;2;1;NA
2007-08-22;21:00;Länderspiel;England;Deutschland;1;2;NA
2007-09-08;20:30;EM-Qualifikation;Wales;Deutschland;0;2;NA
2007-09-12;20:30;Länderspiel;Deutschland;Rumänien;3;1;NA
2007-10-13;20:45;EM-Qualifikation;Republik Irland;Deutschland;0;0;NA
2007-10-17;20:45;EM-Qualifikation;Deutschland;Tschechien;0;3;NA
2007-11-17;20:15;EM-Qualifikation;Deutschland;Zypern;4;0;NA
2007-11-21;20:30;EM-Qualifikation;Deutschland;Wales;0;0;NA
2008-02-06;20:30;Länderspiel;Österreich;Deutschland;0;3;NA
2008-03-26;20:45;Länderspiel;Schweiz;Deutschland;0;4;NA
2008-05-27;17:45;Länderspiel;Deutschland;Belarus;2;2;NA
2008-05-31;17:30;Länderspiel;Deutschland;Serbien;2;1;NA
2008-06-08;20:45;Europameisterschaft;Deutschland;Polen;2;0;NA
2008-06-12;18:00;Europameisterschaft;Kroatien;Deutschland;2;1;NA
2008-06-16;20:45;Europameisterschaft;Österreich;Deutschland;0;1;NA
2008-06-19;20:45;Europameisterschaft;Portugal;Deutschland;2;3;NA
2008-06-25;20:45;Europameisterschaft;Deutschland;Türkei;3;2;NA
2008-06-29;20:45;Europameisterschaft;Deutschland;Spanien;0;1;NA
2008-08-20;21:00;Länderspiel;Deutschland;Belgien;2;0;NA
2008-09-06;20:45;WM-Qualifikation (Europa);Liechtenstein;Deutschland;0;6;NA
2008-09-10;19:35;WM-Qualifikation (Europa);Finnland;Deutschland;3;3;NA
2008-10-11;20:45;WM-Qualifikation (Europa);Deutschland;Russland;2;1;NA
2008-10-15;20:45;WM-Qualifikation (Europa);Deutschland;Wales;1;0;NA
2008-11-19;20:45;Länderspiel;Deutschland;England;1;2;NA
2009-02-11;20:30;Länderspiel;Deutschland;Norwegen;0;1;NA
2009-03-28;20:00;WM-Qualifikation (Europa);Deutschland;Liechtenstein;4;0;NA
2009-04-01;20:45;WM-Qualifikation (Europa);Wales;Deutschland;0;2;NA
2009-05-29;14:00;Länderspiel;China;Deutschland;1;1;NA
2009-06-02;20:00;Länderspiel;VA Emirate;Deutschland;2;7;NA
2009-08-12;18:00;WM-Qualifikation (Europa);Aserbaidschan;Deutschland;0;2;NA
2009-09-05;20:45;Länderspiel;Deutschland;Südafrika;2;0;NA
2009-09-09;20:45;WM-Qualifikation (Europa);Deutschland;Aserbaidschan;4;0;NA
2009-10-10;17:00;WM-Qualifikation (Europa);Russland;Deutschland;0;1;NA
2009-10-14;18:00;WM-Qualifikation (Europa);Deutschland;Finnland;1;1;NA
2009-11-18;20:45;Länderspiel;Deutschland;Elfenbeinküste (Cote d’Ivoire);2;2;NA
2010-03-03;20:45;Länderspiel;Deutschland;Argentinien;0;1;NA
2010-05-13;18:00;Länderspiel;Deutschland;Malta;3;0;NA
2010-05-29;20:00;Länderspiel;Ungarn;Deutschland;0;3;NA
2010-06-03;20:30;Länderspiel;Deutschland;Bosnien-Herzegowina;3;1;NA
2010-06-13;20:30;Weltmeisterschaft;Deutschland;Australien;4;0;NA
2010-06-18;13:30;Weltmeisterschaft;Deutschland;Serbien;0;1;NA
2010-06-23;20:30;Weltmeisterschaft;Ghana;Deutschland;0;1;NA
2010-06-27;16:00;Weltmeisterschaft;Deutschland;England;4;1;NA
2010-07-03;16:00;Weltmeisterschaft;Argentinien;Deutschland;0;4;NA
2010-07-07;20:30;Weltmeisterschaft;Deutschland;Spanien;0;1;NA
2010-07-10;20:30;Weltmeisterschaft;Uruguay;Deutschland;2;3;NA
2010-08-11;20:30;Länderspiel;Dänemark;Deutschland;2;2;NA
2010-09-03;20:45;EM-Qualifikation;Belgien;Deutschland;0;1;NA
2010-09-07;20:45;EM-Qualifikation;Deutschland;Aserbaidschan;6;1;NA
2010-10-08;20:45;EM-Qualifikation;Deutschland;Türkei;3;0;NA
2010-10-12;19:00;EM-Qualifikation;Kasachstan;Deutschland;0;3;NA
2010-11-17;20:30;Länderspiel;Schweden;Deutschland;0;0;NA
2011-02-09;20:45;Länderspiel;Deutschland;Italien;1;1;NA
2011-03-26;20:00;EM-Qualifikation;Deutschland;Kasachstan;4;0;NA
2011-03-29;20:45;Länderspiel;Deutschland;Australien;1;2;NA
2011-05-29;20:00;Länderspiel;Deutschland;Uruguay;2;1;NA
2011-06-03;20:30;EM-Qualifikation;Österreich;Deutschland;1;2;NA
2011-06-07;19:00;EM-Qualifikation;Aserbaidschan;Deutschland;1;3;NA
2011-08-10;20:45;Länderspiel;Deutschland;Brasilien;3;2;NA
2011-09-02;20:45;EM-Qualifikation;Deutschland;Österreich;6;2;NA
2011-09-06;20:45;Länderspiel;Polen;Deutschland;2;2;NA
2011-10-07;20:30;EM-Qualifikation;Türkei;Deutschland;1;3;NA
2011-10-11;19:00;EM-Qualifikation;Deutschland;Belgien;3;1;NA
2011-11-11;20:45;Länderspiel;Ukraine;Deutschland;3;3;NA
2011-11-15;20:45;Länderspiel;Deutschland;Niederlande;3;0;NA
2012-02-29;20:45;Länderspiel;Deutschland;Frankreich;1;2;NA
2012-05-26;18:00;Länderspiel;Schweiz;Deutschland;5;3;NA
2012-05-31;20:30;Länderspiel;Deutschland;Israel;2;0;NA
2012-06-09;20:45;Europameisterschaft;Deutschland;Portugal;1;0;NA
2012-06-13;20:45;Europameisterschaft;Niederlande;Deutschland;1;2;NA
2012-06-17;20:45;Europameisterschaft;Dänemark;Deutschland;1;2;NA
2012-06-22;20:45;Europameisterschaft;Deutschland;Griechenland;4;2;NA
2012-06-28;20:45;Europameisterschaft;Deutschland;Italien;1;2;NA
2012-08-15;20:45;Länderspiel;Deutschland;Argentinien;1;3;NA
2012-09-07;20:45;WM-Qualifikation (Europa);Deutschland;Färöer;3;0;NA
2012-09-11;20:30;WM-Qualifikation (Europa);Österreich;Deutschland;1;2;NA
2012-10-12;20:45;WM-Qualifikation (Europa);Republik Irland;Deutschland;1;6;NA
2012-10-16;20:45;WM-Qualifikation (Europa);Deutschland;Schweden;4;4;NA
2012-11-14;20:30;Länderspiel;Niederlande;Deutschland;0;0;NA
2013-02-06;21:00;Länderspiel;Frankreich;Deutschland;1;2;NA
2013-03-22;19:00;WM-Qualifikation (Europa);Kasachstan;Deutschland;0;3;NA
2013-03-26;20:45;WM-Qualifikation (Europa);Deutschland;Kasachstan;4;1;NA
2013-05-29;20:30;Länderspiel;Deutschland;Ecuador;4;2;NA
2013-06-02;20:40;Länderspiel;USA;Deutschland;4;3;NA
2013-08-14;20:45;Länderspiel;Deutschland;Paraguay;3;3;NA
2013-09-06;20:45;WM-Qualifikation (Europa);Deutschland;Österreich;3;0;NA
2013-09-10;20:45;WM-Qualifikation (Europa);Färöer;Deutschland;0;3;NA
2013-10-11;20:45;WM-Qualifikation (Europa);Deutschland;Republik Irland;3;0;NA
2013-10-15;20:45;WM-Qualifikation (Europa);Schweden;Deutschland;3;5;NA
2013-11-15;20:45;Länderspiel;Italien;Deutschland;1;1;NA
2013-11-19;21:00;Länderspiel;England;Deutschland;0;1;NA
2014-03-05;20:45;Länderspiel;Deutschland;Chile;1;0;NA
2014-05-13;20:45;Länderspiel;Deutschland;Polen;0;0;NA
2014-06-01;20:30;Länderspiel;Deutschland;Kamerun;2;2;NA
2014-06-06;20:45;Länderspiel;Deutschland;Armenien;6;1;NA
2014-06-16;18:00;Weltmeisterschaft;Deutschland;Portugal;4;0;NA
2014-06-21;21:00;Weltmeisterschaft;Deutschland;Ghana;2;2;NA
2014-06-26;18:00;Weltmeisterschaft;USA;Deutschland;0;1;NA
2014-06-30;22:00;Weltmeisterschaft;Deutschland;Algerien;2;1;n.V.
2014-07-04;18:00;Weltmeisterschaft;Deutschland;Frankreich;1;0;NA
2014-07-08;22:00;Weltmeisterschaft;Brasilien;Deutschland;1;7;NA
2014-07-13;21:00;Weltmeisterschaft;Deutschland;Argentinien;1;0;n.V.
2014-09-03;20:45;Länderspiel;Deutschland;Argentinien;2;4;NA
2014-09-07;20:45;EM-Qualifikation;Deutschland;Schottland;2;1;NA
2014-10-11;20:45;EM-Qualifikation;Polen;Deutschland;2;0;NA
2014-10-14;20:45;EM-Qualifikation;Deutschland;Republik Irland;1;1;NA
2014-11-14;20:45;EM-Qualifikation;Deutschland;Gibraltar;4;0;NA
2014-11-18;20:45;Länderspiel;Spanien;Deutschland;0;1;NA
2015-03-25;20:30;Länderspiel;Deutschland;Australien;2;2;NA
2015-03-29;18:00;EM-Qualifikation;Georgien;Deutschland;0;2;NA
2015-06-10;20:45;Länderspiel;Deutschland;USA;1;2;NA
2015-06-13;20:45;EM-Qualifikation;Gibraltar;Deutschland;0;7;NA
2015-09-04;20:45;EM-Qualifikation;Deutschland;Polen;3;1;NA
2015-09-07;20:45;EM-Qualifikation;Schottland;Deutschland;2;3;NA
2015-10-08;20:45;EM-Qualifikation;Republik Irland;Deutschland;1;0;NA
2015-10-11;20:45;EM-Qualifikation;Deutschland;Georgien;2;1;NA
2015-11-13;21:00;Länderspiel;Frankreich;Deutschland;2;0;NA
2016-03-26;20:45;Länderspiel;Deutschland;England;2;3;NA
2016-03-29;20:45;Länderspiel;Deutschland;Italien;4;1;NA
2016-05-29;17:45;Länderspiel;Deutschland;Slowakei;1;3;NA
2016-06-04;18:00;Länderspiel;Deutschland;Ungarn;2;0;NA
2016-06-12;21:00;Europameisterschaft;Deutschland;Ukraine;2;0;NA
2016-06-16;21:00;Europameisterschaft;Deutschland;Polen;0;0;NA
2016-06-21;18:00;Europameisterschaft;Nordirland;Deutschland;0;1;NA
2016-06-26;18:00;Europameisterschaft;Deutschland;Slowakei;3;0;NA
2016-07-02;21:00;Europameisterschaft;Deutschland;Italien;6;5;i.E.
2016-07-07;21:00;Europameisterschaft;Deutschland;Frankreich;0;2;NA
2016-08-31;20:45;Länderspiel;Deutschland;Finnland;2;0;NA
2016-09-04;20:45;WM-Qualifikation (Europa);Norwegen;Deutschland;0;3;NA
2016-10-08;20:45;WM-Qualifikation (Europa);Deutschland;Tschechien;3;0;NA
2016-10-11;20:45;WM-Qualifikation (Europa);Deutschland;Nordirland;2;0;NA
2016-11-11;20:45;WM-Qualifikation (Europa);San Marino;Deutschland;0;8;NA
2016-11-15;20:45;Länderspiel;Italien;Deutschland;0;0;NA
2017-03-22;20:45;Länderspiel;Deutschland;England;1;0;NA
2017-03-26;18:00;WM-Qualifikation (Europa);Aserbaidschan;Deutschland;1;4;NA
2017-06-06;20:45;Länderspiel;Dänemark;Deutschland;1;1;NA
2017-06-10;20:45;WM-Qualifikation (Europa);Deutschland;San Marino;7;0;NA
2017-06-19;17:00;Confederations Cup;Australien;Deutschland;2;3;NA
2017-06-22;20:00;Confederations Cup;Deutschland;Chile;1;1;NA
2017-06-25;17:00;Confederations Cup;Deutschland;Kamerun;3;1;NA
2017-06-29;20:00;Confederations Cup;Deutschland;Mexiko;4;1;NA
2017-07-02;20:00;Confederations Cup;Chile;Deutschland;0;1;NA
2017-09-01;20:45;WM-Qualifikation (Europa);Tschechien;Deutschland;1;2;NA
2017-09-04;20:45;WM-Qualifikation (Europa);Deutschland;Norwegen;6;0;NA
2017-10-05;20:45;WM-Qualifikation (Europa);Nordirland;Deutschland;1;3;NA
2017-10-08;20:45;WM-Qualifikation (Europa);Deutschland;Aserbaidschan;5;1;NA
2017-11-10;21:00;Länderspiel;England;Deutschland;0;0;NA
2017-11-14;20:45;Länderspiel;Deutschland;Frankreich;2;2;NA
2018-03-23;20:45;Länderspiel;Deutschland;Spanien;1;1;NA
2018-03-27;20:45;Länderspiel;Deutschland;Brasilien;0;1;NA
2018-06-02;18:00;Länderspiel;Österreich;Deutschland;2;1;NA
2018-06-08;19:30;Länderspiel;Deutschland;Saudi-Arabien;2;1;NA
2018-06-17;17:00;Weltmeisterschaft;Deutschland;Mexiko;0;1;NA
2018-06-23;20:00;Weltmeisterschaft;Deutschland;Schweden;2;1;NA
2018-06-27;16:00;Weltmeisterschaft;Südkorea;Deutschland;2;0;NA
2018-09-06;20:45;UEFA Nations League Div. A;Deutschland;Frankreich;0;0;NA
2018-09-09;20:45;Länderspiel;Deutschland;Peru;2;1;NA
2018-10-13;20:45;UEFA Nations League Div. A;Niederlande;Deutschland;3;0;NA
2018-10-16;20:45;UEFA Nations League Div. A;Frankreich;Deutschland;2;1;NA
2018-11-15;20:45;Länderspiel;Deutschland;Russland;3;0;NA
2018-11-19;20:45;UEFA Nations League Div. A;Deutschland;Niederlande;2;2;NA
2019-03-20;20:45;Länderspiel;Deutschland;Serbien;1;1;NA
2019-03-24;20:45;EM-Qualifikation;Niederlande;Deutschland;2;3;NA
2019-06-08;20:45;EM-Qualifikation;Belarus;Deutschland;0;2;NA
2019-06-11;20:45;EM-Qualifikation;Deutschland;Estland;8;0;NA
2019-09-06;20:45;EM-Qualifikation;Deutschland;Niederlande;2;4;NA
2019-09-09;20:45;EM-Qualifikation;Nordirland;Deutschland;0;2;NA
2019-10-09;20:45;Länderspiel;Deutschland;Argentinien;2;2;NA
2019-10-13;20:45;EM-Qualifikation;Estland;Deutschland;0;3;NA
2019-11-16;20:45;EM-Qualifikation;Deutschland;Belarus;4;0;NA
2019-11-19;20:45;EM-Qualifikation;Deutschland;Nordirland;6;1;NA
2020-03-26;NA;Länderspiel;Spanien;Deutschland;NA;NA;NA
2020-03-31;NA;Länderspiel;Deutschland;Italien;NA;NA;NA
2020-05-31;NA;Länderspiel;Schweiz;Deutschland;NA;NA;NA
2020-09-03;20:45;UEFA Nations League Div. A;Deutschland;Spanien;1;1;NA
2020-09-06;20:45;UEFA Nations League Div. A;Schweiz;Deutschland;1;1;NA
2020-10-07;20:45;Länderspiel;Deutschland;Türkei;3;3;NA
2020-10-10;20:45;UEFA Nations League Div. A;Ukraine;Deutschland;1;2;NA
2020-10-13;20:45;UEFA Nations League Div. A;Deutschland;Schweiz;3;3;NA
2020-11-11;20:45;Länderspiel;Deutschland;Tschechien;1;0;NA
2020-11-14;20:45;UEFA Nations League Div. A;Deutschland;Ukraine;3;1;NA
2020-11-17;20:45;UEFA Nations League Div. A;Spanien;Deutschland;6;0;NA
2021-03-25;20:45;WM-Qualifikation (Europa);Deutschland;Island;3;0;NA
2021-03-28;20:45;WM-Qualifikation (Europa);Rumänien;Deutschland;0;1;NA
2021-03-31;20:45;WM-Qualifikation (Europa);Deutschland;Nordmazedonien;1;2;NA
2021-06-02;21:00;Länderspiel;Deutschland;Dänemark;1;1;NA
2021-06-07;20:45;Länderspiel;Deutschland;Lettland;7;1;NA
2021-06-15;21:00;Europameisterschaft;Frankreich;Deutschland;1;0;NA
2021-06-19;18:00;Europameisterschaft;Portugal;Deutschland;2;4;NA
2021-06-23;21:00;Europameisterschaft;Deutschland;Ungarn;2;2;NA
2021-06-29;18:00;Europameisterschaft;England;Deutschland;2;0;NA
2021-09-02;20:45;WM-Qualifikation (Europa);Liechtenstein;Deutschland;0;2;NA
2021-09-05;20:45;WM-Qualifikation (Europa);Deutschland;Armenien;6;0;NA
2021-09-08;20:45;WM-Qualifikation (Europa);Island;Deutschland;0;4;NA
2021-10-08;20:45;WM-Qualifikation (Europa);Deutschland;Rumänien;2;1;NA
2021-10-11;20:45;WM-Qualifikation (Europa);Nordmazedonien;Deutschland;0;4;NA
2021-11-11;20:45;WM-Qualifikation (Europa);Deutschland;Liechtenstein;9;0;NA
2021-11-14;18:00;WM-Qualifikation (Europa);Armenien;Deutschland;1;4;NA
2022-03-26;20:45;Länderspiel;Deutschland;Israel;2;0;NA
2022-03-29;20:45;Länderspiel;Niederlande;Deutschland;1;1;NA
2022-06-04;20:45;UEFA Nations League Div. A;Italien;Deutschland;1;1;NA
2022-06-07;20:45;UEFA Nations League Div. A;Deutschland;England;1;1;NA
2022-06-11;20:45;UEFA Nations League Div. A;Ungarn;Deutschland;1;1;NA
2022-06-14;20:45;UEFA Nations League Div. A;Deutschland;Italien;5;2;NA
2022-09-23;20:45;UEFA Nations League Div. A;Deutschland;Ungarn;0;1;NA
2022-09-26;20:45;UEFA Nations League Div. A;England;Deutschland;3;3;NA
2022-11-16;18:00;Länderspiel;Oman;Deutschland;0;1;NA
2022-11-23;14:00;Weltmeisterschaft;Deutschland;Japan;1;2;NA
2022-11-27;20:00;Weltmeisterschaft;Spanien;Deutschland;1;1;NA
2022-12-01;20:00;Weltmeisterschaft;Costa Rica;Deutschland;2;4;NA
2023-03-25;20:45;Länderspiel;Deutschland;Peru;2;0;NA
2023-03-28;20:45;Länderspiel;Deutschland;Belgien;2;3;NA
2023-06-12;18:00;Länderspiel;Deutschland;Ukraine;3;3;NA
2023-06-16;20:45;Länderspiel;Polen;Deutschland;1;0;NA
2023-06-20;20:45;Länderspiel;Deutschland;Kolumbien;0;2;NA
2023-09-09;20:45;Länderspiel;Deutschland;Japan;1;4;NA
2023-09-12;21:00;Länderspiel;Deutschland;Frankreich;NA;NA;NA
2023-10-14;21:00;Länderspiel;USA;Deutschland;NA;NA;NA
2023-10-18;02:00;Länderspiel;Mexiko;Deutschland;NA;NA;NA
2023-11-21;20:45;Länderspiel;Österreich;Deutschland;NA;NA;NA
2024-06-14;21:00;Europameisterschaft;Deutschland;A2;NA;NA;NA
2024-06-19;NA;Europameisterschaft;Deutschland;A3;NA;NA;NA
2024-06-23;NA;Europameisterschaft;A4;Deutschland;NA;NA;NA
